companyID,companyAbbreviation,companyName,Industry,companySize,url,date_scrape
1,"Guggenheim Investments","Guggenheim Investments",NULL,"1001-5000 employees",https://www.linkedin.com/showcase/guggenheim-investments,"2021-03-22 04:39:00"
2,"Caisse de dÃ©pÃ´t et placement du QuÃ©bec (CDPQ)","Caisse de dÃ©pÃ´t et placement du QuÃ©bec (CDPQ)",NULL,"1,001-5,000 employees",https://www.linkedin.com/company/cdpq,"2021-03-22 04:40:00"
3,"BNY Mellon","BNY Mellon","Financial Services
Investment Management
and Investment Services","10,001 employees",https://www.linkedin.com/company/bny-mellon,"2021-03-22 04:41:00"
4,"NN Investment Partners","NN Investment Partners","Portfolio Management
Multi-Asset Strategies
Fund Management
ESG Investing
Integrated Client Solutions
Responsible Investing
DC Solutions
Tactical Asset Allocation
Quantitative Research
Fixed Income Strategies
Equity Strategies
Emerging Market Debt
and Al","1,001-5,000 employees",https://www.linkedin.com/company/nn-investment-partners,"2021-03-22 04:41:00"
5,"Voya Investment Management","Voya Investment Management","Equities
Fixed Income
Multi-Asset Strategies and Solutions
and Institutional Solutions","1,001-5,000 employees",https://www.linkedin.com/company/voya-investment-management,"2021-03-22 04:42:00"
6,"Swiss Life Asset Managers","Swiss Life Asset Managers",NULL,"1,001-5,000 employees",https://www.linkedin.com/company/swiss-life-asset-management,"2021-03-22 04:43:00"
7,"AQR Capital Management","AQR Capital Management",NULL,"501-1,000 employees",https://www.linkedin.com/company/aqr-capital-management,"2021-03-22 04:43:00"
8,SEB,SEB,"finance
banking
advisory
wholesale banking
retail banking
mutual funds
life insurance
pension
personal finance
and private banking","10,001 employees",https://www.linkedin.com/company/seb,"2021-03-22 04:44:00"
9,"Lazard Asset Management","Lazard Asset Management","Investment Management","501-1,000 employees",https://www.linkedin.com/company/lazard-asset-management,"2021-03-22 04:45:00"
10,"Santander Asset Management","Santander Asset Management",NULL,"501-1,000 employees",https://www.linkedin.com/company/santanderam/,"2021-03-22 04:45:00"
11,"Nikko Asset Management Group","Nikko Asset Management Group","Fixed Income
Equities
Multi Asset
ETFs
and Multi-Manager","501-1,000 employees",https://www.linkedin.com/company/nikkoamgroup,"2021-03-22 04:46:00"
12,"The TCW Group","The TCW Group","Investment Management and Asset Management","501-1,000 employees",https://www.linkedin.com/company/thetcwgroup,"2021-03-22 04:47:00"
13,"Pictet Asset Management","Pictet Asset Management","Asset Management
Emerging Markets
Total Return
Thematic investing
Multi Asset
Sustainability
Credit
Megatrends
UCITS
Institutional investors
Financial advisors
Investment Management
High Yield
Value investing
Pension funds
Private banks
Emerging debt
Res","501-1,000 employees",https://www.linkedin.com/company/pictet-asset-management,"2021-03-22 04:47:00"
14,Robeco,Robeco,"Asset management
Investment management
Pension Solutions
Investment solutions
High Yield Investment Strategies
Emerging markets
ESG integration
Quant Investing
Factor Investing
Fixed Income solutions
and Multi-asset solutions","501-1,000 employees",https://www.linkedin.com/company/robeco,"2021-03-22 04:48:00"
15,"E Fund Management Co.,LTD.","E Fund Management Co.,LTD.","mutual fund and asset management","501-1,000 employees",https://www.linkedin.com/company/e-fund-management-co.-ltd.,"2021-03-22 04:49:00"
16,"Eastspring Investments","Eastspring Investments","Equity
fixed income
multi asset
infrastructure
and and alternatives","1,001-5,000 employees",https://www.linkedin.com/company/eastspring-investments/,"2021-03-22 05:22:00"
17,"Bradesco Asset Management","Bradesco Asset Management",NULL,"201-500 employees",https://www.linkedin.com/company/bradesco-asset-management/,"2021-03-22 06:17:00"
18,"ItaÃº Asset Management","ItaÃº Asset Management","Asset Management","201-500 employees",https://www.linkedin.com/company/itau-asset-management,"2021-03-22 06:17:00"
19,"Bank J. Safra Sarasin Ltd","Bank J. Safra Sarasin Ltd","Private Banking
Asset Management
Institutional investors
External asset managers
Investment foundation
Investment funds
Pension products
Financial engineering
Structured products
Islamic Wealth Management
Trading & Treasury
and Sustainable investments","1,001-5,000 employees",https://www.linkedin.com/company/bank-j-safra-sarasin/,"2021-03-22 06:18:00"
20,"American Century Investments","American Century Investments","Asset Management
Investment Management
Portfolio Management
and Mutual Funds","1,001-5,000 employees",https://www.linkedin.com/company/american-century-investments,"2021-03-22 17:28:00"
21,"Putnam Investments","Putnam Investments","financial-services and investment-management","1,001-5,000 employees",https://www.linkedin.com/company/putnam-investments,"2021-03-22 17:29:00"
22,"First State Investments","First State Investments","Asia Pacific
Global Emerging Markets
Global Listed Infrastructure Securities
Global Property Securities
Global Resources
Worldwide Equities
Australian Equities
Global Fixed Interest and Credit
Emerging Markets Debt
Unlisted Infrastructure
and Multi-Asset","201-500 employees",https://www.linkedin.com/company/firststateinvestments,"2021-03-22 17:29:00"
23,"KKR & Co. Inc.","KKR & Co. Inc.","Private Equity
Asset Management
Capital Markets
Credit
Real Estate
Infrastructure
Energy Real Assets
and Special Situations","1,001-5,000 employees",https://www.linkedin.com/company/kkr,"2021-03-22 17:30:00"
24,"Standish Mellon Asset Management Company","Standish Mellon Asset Management Company",NULL,"501-1,000 employees",https://www.linkedin.com/company/standish-mellon-asset-management,"2021-03-22 17:30:00"
25,"ZÃ¼rcher Kantonalbank","ZÃ¼rcher Kantonalbank","Vereinbarkeit von Beruf und Freizeit
Chancengleichheit
Diversity
mobiles Arbeiten
and attraktive AusbildungsplÃ¤tze","5,001-10,000 employees",https://www.linkedin.com/company/zkb-ch,"2021-03-22 17:31:00"
26,"GAM Investments","GAM Investments",NULL,"501-1,000 employees",https://www.linkedin.com/company/gam-investments,"2021-03-22 17:32:00"
27,"Lyxor Asset Management","Lyxor Asset Management","ETF & Indexing
Active Investment Strategies
and Investment Partners","501-1,000 employees",https://www.linkedin.com/company/lyxor-asset-management,"2021-03-22 17:32:00"
28,"Lord, Abbett & Co. LLC","Lord, Abbett & Co. LLC","Investment Management and Asset Management","501-1,000 employees",https://www.linkedin.com/company/lord-abbett-&-co-llc,"2021-03-22 17:33:00"
29,Talanx,Talanx,NULL,"10,001 employees",https://www.linkedin.com/company/talanx,"2021-03-22 17:34:00"
30,"Helaba Invest Kapitalanlagegesellschaft mbH","Helaba Invest Kapitalanlagegesellschaft mbH","Asset Management
Risikomanagement
Immobilien
Alternative Investments
Master-KVG
Overlay Management
Corporate Bonds
and Multi Asset","201-500 employees",https://www.linkedin.com/company/helaba-invest-kapitalanlagegesellschaft-mbh/,"2021-03-22 17:34:00"
31,"John Hancock Investment Management","John Hancock Investment Management","Mutual funds
Institutional Accounts
529 College Savings Plans
Retirement Solutions
Asset Management
Target Date Funds
ETFs
smart beta investing
esg investing
sustainable investing
equity investing
fixed-income investing
alternative investments
multimanag","501-1,000 employees",https://www.linkedin.com/company/john-hancock-investment-management,"2021-03-22 17:35:00"
32,MN,MN,"Fiduciary management and pension administration","1,001-5,000 employees",https://www.linkedin.com/company/mn,"2021-03-22 17:35:00"
33,"Royal London Asset Management","Royal London Asset Management","Fixed interest
Equities
Property
Cash
Asset management
Investment management
and Multi Asset","201-500 employees",https://www.linkedin.com/company/royal-london-asset-management,"2021-03-22 17:36:00"
34,"China Asset Management Co., Ltd.","China Asset Management Co., Ltd.","Mutual Funds
Institutional Asset Management
QFIIs (Qualified Foreign Institutional Investors)
QDIIs (Qualified Domestic Institutional Investors)
Active Equities(A-shares,Greater China)
Passive Equities(A-shares,Greater China)
and Fixed Income (Rates
Cred","501-1,000 employees",https://www.linkedin.com/company/china-asset-management-company,"2021-03-22 17:37:00"
35,Swedbank,Swedbank,"Financial services
Mortgage lending
Private banking
Pension
Cards
Savings
Mutual funds
Digitalisation
Data analysis
and IT","10,001 employees",https://www.linkedin.com/company/swedbank,"2021-03-22 17:37:00"
36,"AMP Capital","AMP Capital","Investment Management
Managed Funds
Asset Management
Property / Real Estate
Infrastructure
Fixed Income
Shopping Centres
and Equities / Shares","1,001-5,000 employees",https://www.linkedin.com/company/amp-capital,"2021-03-22 17:38:00"
37,"Bridgewater Associates","Bridgewater Associates",NULL,"1,001-5,000 employees",https://www.linkedin.com/company/bridgewater-associates,"2021-03-22 17:39:00"
38,"Investec Asset Management","Investec Asset Management","Asset Management
4Factor
Investment Strategy
Fixed Income
Multi Asset
Commodities and Resources
Equities
and Emerging markets","1,001-5,000 employees",https://www.linkedin.com/company/investec-asset-management,"2021-03-22 17:40:00"
39,"Harris Associates","Harris Associates",NULL,"51-200 employees",https://www.linkedin.com/company/harris-associates,"2021-03-22 17:40:00"
40,"SURA Asset Management","SURA Asset Management",NULL,"5,001-10,000 employees",https://www.linkedin.com/company/sura-asset-management/,"2021-03-22 17:41:00"
41,"ClearBridge Investments","ClearBridge Investments","Asset Management and Investment Management","201-500 employees",https://www.linkedin.com/company/clearbridge-investments,"2021-03-22 17:42:00"
42,Candriam,Candriam,"financial services
asset management
sustainable investment
and ESG","501-1,000 employees",https://www.linkedin.com/company/candriam/,"2021-03-22 17:42:00"
43,"KBC Asset Management","KBC Asset Management",NULL,"201-500 employees",https://www.linkedin.com/company/kbc-asset-management/,"2021-03-22 17:43:00"
44,"Danske Bank","Danske Bank","Banking products
Insurance
Mortgage finance
Real-estate brokerage
Asset management
Innovation
Private Banking
Corporate Banking
Personal Banking
Business Banking
Mobile Payments
Pension
Leasing
Property financing
and Financial services","10,001 employees",https://www.linkedin.com/company/danskebank,"2021-03-22 17:43:00"
45,"CIBC Asset Management","CIBC Asset Management",NULL,"10,001 employees",https://www.linkedin.com/showcase/cibc-asset-management/?originalSubdomain=ca,"2021-03-22 17:44:00"
46,"UBP - Union Bancaire PrivÃ©e","UBP - Union Bancaire PrivÃ©e","Asset Management
Wealth Management
Private Banking
Asset allocation
Investment Advisory
Fund of Hedge Funds
Funds Advisory
Equities
Fixed Income
Forex
Structured Products
and Emerging Markets.","1,001-5,000 employees",https://www.linkedin.com/company/ubp,"2021-03-22 17:44:00"
47,"Vontobel Asset Management","Vontobel Asset Management","Global Equities
Asset Management
Fixed Income
Multi-Asset Class
ESG Investing
Alternatives
and Quality Growth","201-500 employees",https://www.linkedin.com/company/vontobel-asset-management,"2021-03-22 17:45:00"
48,"IGM Financial Inc.","IGM Financial Inc.",NULL,"5,001-10,000 employees",https://www.linkedin.com/company/igm-financial-services-inc/,"2021-03-22 17:45:00"
49,"Harvest Global Investments Limited","Harvest Global Investments Limited","Asia
China
investments
Chinese market
equities
and asset management","51-200 employees",https://www.linkedin.com/company/harvest-global-investments-limited,"2021-03-22 17:46:00"
50,"Mirae Asset Global Investments","Mirae Asset Global Investments","Global Investments
Alternative Investments
Exchange Traded Funds
Asia Investments
Equity Investments
Fixed Income Investments
and Venture Capital","501-1,000 employees",https://www.linkedin.com/company/mirae-asset-global-investments,"2021-03-22 17:47:00"
51,Conning,Conning,"Asset Management
Risk Solutions
Insurance Industry Research
Pension LDI Solutions
Liability-Driven Investing
Investment Accounting
and Investment Reporting","201-500 employees",https://www.linkedin.com/company/conning,"2021-03-22 17:48:00"
52,"Groupama Asset Management","Groupama Asset Management","Asset Management
Investment Management
Institutional Investment
Investment Solutions
Responsible Finance
Gestion d'actifs
Investissement
Equity
Multi-asset
and ISR","201-500 employees",https://www.linkedin.com/company/groupama-asset-management/,"2021-03-22 17:49:00"
53,BBVA,BBVA,"Corporate and Investment Banking
Innovation
Digital Banking
Fintech
banking
Digital transformation
Design Thinking
Agile
Big Data
data science
Engineering
and cyber security","10,001 employees",https://www.linkedin.com/company/bbva,"2021-03-22 17:49:00"
54,"Payden & Rygel","Payden & Rygel","Investment Management","51-200 employees",https://www.linkedin.com/company/payden-&-rygel,"2021-03-22 17:50:00"
55,"LSV Asset Management","LSV Asset Management",NULL,"11-50 employees",https://www.linkedin.com/company/lsv-asset-management,"2021-03-22 17:51:00"
56,"Artisan Partners","Artisan Partners","High value-added active investment management
Emerging Markets Equities
US & Global Equities
and Fixed Income","201-500 employees",https://www.linkedin.com/company/artisan-partners,"2021-03-22 17:51:00"
57,"First Eagle Investment Management","First Eagle Investment Management",NULL,"201-500 employees",https://www.linkedin.com/company/first-eagle-investment-management,"2021-03-22 17:52:00"
58,"CI Financial","CI Financial",NULL,"1,001-5,000 employees",https://www.linkedin.com/company/ci-financial/,"2021-03-22 18:16:00"
59,"Anima SGR","Anima SGR","Gestione del risparmio
Fondi comuni
Gestioni patrimoniali
Fondo pensione aperto
and Fondi Etici","201-500 employees",https://www.linkedin.com/company/anima-sgr,"2021-03-22 18:17:00"
60,"CovÃ©a Finance","CovÃ©a Finance","Gestion d'actifs
Asset Management
Services financiers
Gestion de portefeuilles
Finance
and Gestion de fonds","51-200 employees",https://www.linkedin.com/company/covea-finance,"2021-03-22 18:18:00"
61,Hines,Hines,"Investment Management
Private Equity
Property Management
and Real Estate Development","1,001-5,000 employees",https://www.linkedin.com/company/hines,"2021-03-22 18:18:00"
62,"Man Group","Man Group",NULL,"1,001-5,000 employees",https://www.linkedin.com/company/man-group-plc,"2021-03-22 18:19:00"
63,"Ares Management Corporation","Ares Management Corporation","Private Equity
Credit
Real Estate
Strategic Initiatives
Alternative Asset Management
Financial Services
Investment Management
and Direct Lending","1,001-5,000 employees",https://www.linkedin.com/company/ares-management,"2021-03-22 18:20:00"
64,"Sumitomo Mitsui DS Asset Management Co., Ltd.","Sumitomo Mitsui DS Asset Management Co., Ltd.",NULL,"501-1,000 employees",https://www.linkedin.com/company/sumitomo-mitsui-asset-management-co.-ltd.,"2021-03-22 18:20:00"
65,"CBRE Global Investors","CBRE Global Investors","Real Estate Investment Management
Real Estate Investment Funds
Real Estate Securities
and Real Estate Investment Separate Accounts","501-1,000 employees",https://www.linkedin.com/company/cbre-global-investors,"2021-03-22 18:21:00"
66,"MacKay Shields LLC","MacKay Shields LLC",NULL,"201-500 employees",https://www.linkedin.com/company/mackay-shields,"2021-03-22 18:22:00"
67,BayernInvest,BayernInvest,NULL,"51-200 employees",https://www.linkedin.com/company/bayern-invest,"2021-03-22 18:23:00"
68,"Oaktree Capital Management, L.P.","Oaktree Capital Management, L.P.",NULL,"1,001-5,000 employees",https://www.linkedin.com/company/oaktree-capital-management,"2021-03-22 18:23:00"
69,"Fiera Capital","Fiera Capital","Canadian Equity
Global
International & US Equity
Canadian Fixed Income
Asset Allocation
and Non-traditional Investments","501-1,000 employees",https://www.linkedin.com/company/fiera-capital,"2021-03-22 18:24:00"
70,"Hartford Investment Management Co. (HIMCO)","Hartford Investment Management Co. (HIMCO)",NULL,"201-500 employees",https://www.linkedin.com/company/hartford-investment-management,"2021-03-22 18:25:00"
71,"Acadian Asset Management","Acadian Asset Management","Acadian specializes in active global and international equity strategies
employing sophisticated analytical models for active stock selection as well as peer group (country
region and industry) valuation.
active equity
low volatility
multi-asset investme","201-500 employees",https://www.linkedin.com/company/acadian-asset-management,"2021-03-22 18:26:00"
72,"Arrowstreet Capital, Limited Partnership","Arrowstreet Capital, Limited Partnership",NULL,"201-500 employees",https://www.linkedin.com/company/arrowstreet-capital,"2021-03-22 18:27:00"
73,"New England Asset Management, Inc. (NEAM, Inc.)","New England Asset Management, Inc. (NEAM, Inc.)","Asset Management
Enterprise & Capital Risk Management
Investment Technology Solutions
and Investment Accounting and Reporting Services","51-200 employees",https://www.linkedin.com/company/new_england_asset_management,"2021-03-22 18:28:00"
74,"Fisher Investments","Fisher Investments","Financial Services
Portfolio Management
Investment Advice
Retirement Planning
and Retirement Investment Planning","1,001-5,000 employees",https://www.linkedin.com/company/fisher-investments,"2021-03-22 18:29:00"
75,"Boston Partners Global Investors, Inc.","Boston Partners Global Investors, Inc.","Asset Management and Liquid Alternatives","51-200 employees",https://www.linkedin.com/company/boston-partners-global-investors/,"2021-03-22 18:29:00"
76,"OP Financial Group","OP Financial Group",NULL,"10,001 employees",https://www.linkedin.com/company/op-financial-group/,"2021-03-22 18:30:00"
77,"Metzler Asset Management","Metzler Asset Management",NULL,"201-500 employees",https://www.linkedin.com/company/metzler-asset-management/,"2021-03-22 21:19:00"
78,"Banca Mediolanum","Banca Mediolanum","Servizi Bancari
Servizi Finanziari
Investimenti
Risparmio
Previdenza
and Protezione","1,001-5,000 employees",https://www.linkedin.com/company/banca-mediolanum/,"2021-03-22 21:24:00"
79,"Barrow, Hanley, Mewhinney & Strauss","Barrow, Hanley, Mewhinney & Strauss","Investment Management","51-200 employees",https://www.linkedin.com/company/bhms,"2021-04-07 15:48:00"
80,"Achmea Investment Management","Achmea Investment Management","Investment Management","201-500 employees",https://nl.linkedin.com/company/achmea-investment-management,"2021-04-07 15:52:00"
81,"Galliard Capital Management","Galliard Capital Management","Fixed Income Investment Management
Stable Value Investment Management
and Institutional Investing","51-200 employees",https://www.linkedin.com/company/galliard-capital-management/,"2021-03-24 12:38:00"
82,"Storebrand Asset Management","Storebrand Asset Management",NULL,NULL,https://www.linkedin.com/showcase/storebrand-asset-management/,"2021-03-24 12:42:00"
83,"PineBridge Investments","PineBridge Investments","Asset Management
Investment Management
Equities
Fixed Income
Private Equity
and Multi Asset","501-1,000 employees",https://www.linkedin.com/company/pinebridge-investments/,"2021-03-24 12:45:00"
84,"OFI Asset Management","OFI Asset Management","Asset allocation
Equities
Fixed Income
Credit
Real Estate
Private Equity and Global Investment solutions
Asset Management
SRI
and Sustainable finance","201-500 employees",https://www.linkedin.com/company/ofi-asset-management,"2021-03-24 12:55:00"
85,"Rothschild & Co","Rothschild & Co","Global Advisory
Private Wealth
Merchant Banking
Asset Management
M&A advisory
Debt Advisory & Restructuring
Equity Advisory
Private Equity
Wealth Planning
Investment Management
Private Debt
Wealth Structuring
and Wealth Management","1,001-5,000 employees",https://www.linkedin.com/company/rothschildandco/,"2021-03-24 12:57:00"
86,Mesirow,Mesirow,"Investment Management
Capital Markets and Investment Banking
and Individual and Corporate Solutions","201-500 employees",https://www.linkedin.com/company/mesirow,"2021-03-24 12:58:00"
87,"LBBW Asset Management Investmentgesellschaft mbH","LBBW Asset Management Investmentgesellschaft mbH","Spezialfonds für institutionelle Investoren
Direktanlage-Mandaten für Versicherungen und Versorgungseinrichtungen
and Publikumsfonds für institutionelle und private Anleger","201-500 employees",https://www.linkedin.com/company/lbbw-asset-management-investmentgesellschaft-mbh/,"2021-03-24 13:00:00"
88,"La Française","La Française","Présent sur toutes les classes d’actifs
Gestion d'actifs
Immobilier
Solutions d'investissement
Asset Management
Valeurs Mobilières
Financement Direct de l'Economie
Impact Investing
and Grand Paris","501-1,000 employees",https://www.linkedin.com/company/lafrancaise-group,"2021-03-24 13:00:00"
89,Prologis,Prologis,"Logistics real estate and Logistics real estate","1,001-5,000 employees",https://www.linkedin.com/company/prologis,"2021-03-24 13:04:00"
90,"Edmond de Rothschild","Edmond de Rothschild","Private Banking
Asset Management
Corporate Finance
Private Equity
Fund Services
and Real Estate","1,001-5,000 employees",https://fr.linkedin.com/company/edmond-de-rothschild,"2021-03-24 13:05:00"
91,"Erste Asset Management GmbH","Erste Asset Management GmbH","Asset Management
Investmentfonds
Emerging Markets
Fixed Income
Responsible Investments
Equities
and Investment consulting","201-500 employees",https://www.linkedin.com/company/erste-asset-management-gmbh,"2021-03-24 13:06:00"
92,"Crédit Mutuel Asset Management","Crédit Mutuel Asset Management","Asset management
Gestion obligataire
Gestion actions
Multigestion
Gestion structurée
and ISR / Investissement Socialement Responsable","201-500 employees",https://www.linkedin.com/company/cmcic-am-officiel,"2021-03-24 13:15:00"
93,"Partners Group","Partners Group","Private equity
Private real estate
Private debt
and Private infrastructure","1,001-5,000 employees",https://www.linkedin.com/company/partners-group,"2021-03-24 13:18:00"
94,"Brandywine Global Investment Management","Brandywine Global Investment Management",NULL,"201-500 employees",https://www.linkedin.com/company/brandywine-global-investment-management,"2021-03-24 13:19:00"
95,"William Blair","William Blair","Investment Banking
Asset Management
Equity Research
Private Wealth Management
Institutional Sales & Trading
Investment Management
and Institutional Investment Management","1,001-5,000 employees",https://www.linkedin.com/company/william-blair-&-company,"2021-03-24 13:21:00"
96,"Newton Investment Management","Newton Investment Management","Investment management
Absolute-return investing
Equities investing
Global bonds
Multi-asset investing
and Fixed Income","201-500 employees",https://www.linkedin.com/company/newton-investment-management,"2021-03-24 13:23:00"
97,"DNB Asset Management","DNB Asset Management","equity funds
high yield
aksjefond
rentefond
kombinasjonsfond
miljøfond
ESG
diskresjonær forvaltning
hedgefond
forvaltning
fond
funds
asset management
fondssparing
investment management
and fondsselskap","51-200 employees",https://www.linkedin.com/company/dnb-nor-asset-management,"2021-03-24 13:24:00"
98,"Kempen Capital Management","Kempen Capital Management",NULL,"201-500 employees",https://www.linkedin.com/company/kempen-capital-management,"2021-03-24 13:25:00"
99,"ODDO BHF ASSET MANAGEMENT SAS","ODDO BHF ASSET MANAGEMENT SAS",NULL,"51-200 employees",https://www.linkedin.com/company/oddo-bhf-asset-management-sas,"2021-03-24 13:26:00"
100,Handelsbanken,Handelsbanken,NULL,"10,001+ employees",https://www.linkedin.com/company/handelsbanken,"2021-03-24 13:27:00"
101,GMO,GMO,NULL,"201-500 employees",https://www.linkedin.com/company/gmo,"2021-03-24 13:29:00"
102,Ashmore,Ashmore,NULL,"201-500 employees",https://www.linkedin.com/company/ashmore,"2021-03-24 13:30:00"
103,"CVC Capital Partners","CVC Capital Partners","Private Equity","501-1,000 employees",https://www.linkedin.com/company/cvc-capital-partners,"2021-03-24 13:30:00"
104,"CARMIGNAC GESTION LUXEMBOURG","CARMIGNAC GESTION LUXEMBOURG",NULL,NULL,https://www.linkedin.com/company/carmignac-gestion-luxembourg,"2021-03-24 13:31:00"
105,"Jupiter Asset Management","Jupiter Asset Management","Asset management - Unit Trusts
SICAVs
Investment Companies
Equity long only and long short - UCITS
and Institutional investment","501-1,000 employees",https://www.linkedin.com/company/jupiter-asset-management,"2021-03-24 13:31:00"
106,"Walter Scott & Partners Ltd","Walter Scott & Partners Ltd",NULL,NULL,https://www.linkedin.com/company/walter-scott-&-partners-ltd,"2021-03-24 13:32:00"
107,CapitaLand,CapitaLand,"Real Estate
Hospitality
and Financial Services","10,001+ employees",https://www.linkedin.com/company/capitaland-limited,"2021-03-24 13:33:00"
108,QIC,QIC,"Global Infrastructure
Global Real Estate
Private Equity
Global Multi-Asset
investment
Global Private Capital
investment management
Liquid Markets
and Private Markets","1,001-5,000 employees",https://www.linkedin.com/company/qic,"2021-03-24 13:37:00"
109,"Degroof Petercam","Degroof Petercam","Private Banking
Asset Management
Investment Banking
Corporate Finance
Integrated Wealth Management
Wealth Structuring
Philantropy
Credit & Insurance
Generational Transfer (Estate Planning)
Family Office Services
and Real Estate","1,001-5,000 employees",https://www.linkedin.com/company/degroofpetercam,"2021-03-24 13:38:00"
110,ACTIAM,ACTIAM,"Impact Investing
Investment Management
Sustainable Investment
Responsible Investment
and Fund Management (Fixed Income & Equities)","51-200 employees",https://www.linkedin.com/company/actiam,"2021-03-24 13:39:00"
111,"M.M.Warburg & CO","M.M.Warburg & CO",NULL,"501-1,000 employees",https://www.linkedin.com/company/mmwarburg,"2021-03-24 13:39:00"
112,"Record Currency Management","Record Currency Management","Specialist Currency Management Services","51-200 employees",https://www.linkedin.com/company/record-currency-management,"2021-03-24 13:40:00"
113,"Mondrian Investment Partners Limited","Mondrian Investment Partners Limited",NULL,"51-200 employees",https://www.linkedin.com/company/mondrian-investment-partners-limited,"2021-03-24 13:41:00"
114,"Cohen & Steers","Cohen & Steers","Real Estate
Real Assets
Preferred Securities
Listed Infrastructure
MLPs and Midstream Energy
and Natural Resource Equities","201-500 employees",https://www.linkedin.com/company/cohen-&-steers,"2021-03-24 13:42:00"
115,"LGT Capital Partners","LGT Capital Partners","Private Markets
Liquid Alternatives
Specialized Long-only Solutions
Multi-Asset Solutions
ESG
Sustainabilty
Private Equity
and Private Debt","501-1,000 employees",https://www.linkedin.com/company/lgt-capital-partners,"2021-03-24 13:43:00"
116,"Marathon Asset Management","Marathon Asset Management","Hedge fund
alternative asset manager
credit markets
fixed income market
corporate credit
structured credit
and real estate debt.","51-200 employees",https://www.linkedin.com/company/marathon-asset-management,"2021-03-24 13:43:00"
117,"CaixaBank Asset Management","CaixaBank Asset Management",NULL,"51-200 employees",https://www.linkedin.com/company/caixabankam,"2021-03-24 13:44:00"
118,ASR,ASR,NULL,NULL,https://www.linkedin.com/company/www.asr.nl,"2021-03-24 13:45:00"
119,"Brown Advisory","Brown Advisory","Investment Management
Strategic Advisory
Wealth Management
and Private Equity","501-1,000 employees",https://www.linkedin.com/company/brown-advisory,"2021-03-24 13:46:00"
120,"BlueBay Asset Management","BlueBay Asset Management","Financial Services
Fixed Income
Long Only
Alternatives
Asset Management
and Active Asset Management","201-500 employees",https://www.linkedin.com/company/bluebay-asset-management,"2021-03-24 13:46:00"
121,"Kames Capital","Kames Capital","Fixed income
Equities
Multi-asset
Property
Absolute return
Ethical
Sustainable
and ESG","1,001-5,000 employees",https://www.linkedin.com/company/kames-capital,"2021-03-24 13:47:00"
122,"Victory Capital","Victory Capital","Domestic Equity
International Equity
Fixed Income
and Mixed Asset Class","201-500 employees",https://www.linkedin.com/company/victory-capital-management,"2021-03-24 13:48:00"
123,"Connor, Clark & Lunn Financial Group (CC&L)","Connor, Clark & Lunn Financial Group (CC&L)","Representative clients: institutions
pension funds
mutual funds
foundations
private clients
and financial advisors. Multi-boutique investment strategies covering all major assets classes and styles - both Canadian and global.","201-500 employees",https://www.linkedin.com/company/connor-clark-&-lunn-financial-group,"2021-03-24 13:49:00"
124,"LaSalle Investment Management","LaSalle Investment Management","Real Estate Investment Management and Asset Management","501-1,000 employees",https://www.linkedin.com/company/lasalle-investment-management,"2021-03-24 13:50:00"
125,"Tokio Marine Asset Management Co., Ltd.","Tokio Marine Asset Management Co., Ltd.",NULL,NULL,https://www.linkedin.com/company/tokio-marine-asset-management-co.-ltd.,"2021-03-24 13:51:00"
126,"Baloise Asset Management AG","Baloise Asset Management AG",NULL,"51-200 employees",https://www.linkedin.com/company/baloise-asset-management-ag,"2021-03-24 13:51:00"
127,"Starwood Capital Group","Starwood Capital Group","Real Estate Private Equity
Debt Investing
Hotel Management
Multifamily Mangement
Retail Management
Loan Servicing
Energy Infrastructure
and Oil & Gas","1,001-5,000 employees",https://www.linkedin.com/company/starwood-capital-group,"2021-03-24 13:52:00"
128,"Brown Brothers Harriman","Brown Brothers Harriman","Private Banking
Investment Management
and Investor Services","5,001-10,000 employees",https://www.linkedin.com/company/brown-brothers-harriman,"2021-03-24 13:53:00"
129,"CPR Asset Management","CPR Asset Management","gestion d'actifs
investissement
Equity
Multi-Asset
ISR
Innovation
Thématiques
Disruption
Asset Management
artificial intelligence
digitization
Investment
market
silver age
AI
stage
traineeship
Job
Recruit talent
and Career","51-200 employees",https://www.linkedin.com/company/cpr-asset-management,"2021-03-24 13:54:00"
130,"Sumitomo Mitsui DS Asset Management (UK)","Sumitomo Mitsui DS Asset Management (UK)","Japanese Equities and Asia Pacific Equities","11-50 employees",https://www.linkedin.com/company/sumitomo-ds-asset-management-uk,"2021-03-24 13:56:00"
131,"W&W Investment Managers","W&W Investment Managers","Investment Management
Equities
Fund of Funds
Private Debt
FX
Investment Advisory
Technology
Fixed Income
Cash Management
Infrastructure Equity
Private Equity
Infrastructure Debt
FinTech
RegTech
and Funds","11-50 employees",https://www.linkedin.com/company/w-w-investment-managers-dac,"2021-03-24 13:56:00"
132,"PanAgora Asset Management","PanAgora Asset Management",NULL,"51-200 employees",https://www.linkedin.com/company/panagora-asset-management,"2021-03-24 13:57:00"
133,"PanAgora Asset Management","PanAgora Asset Management",NULL,"51-200 employees",https://www.linkedin.com/company/panagora-asset-management,"2021-03-24 13:58:00"
134,"Old Mutual Investment Group","Old Mutual Investment Group",NULL,"501-1,000 employees",https://www.linkedin.com/company/old-mutual-investment-group,"2021-03-24 13:58:00"
135,"Northill Capital LLP","Northill Capital LLP",NULL,"11-50 employees",https://www.linkedin.com/company/northill-capital-llp,"2021-03-24 14:00:00"
136,"Hamilton Lane","Hamilton Lane",NULL,"201-500 employees",https://www.linkedin.com/company/hamilton-lane,"2021-03-24 14:01:00"
137,"Hamilton Lane","Hamilton Lane",NULL,"201-500 employees",https://www.linkedin.com/company/hamilton-lane,"2021-03-24 14:01:00"
138,"Lombard Odier Investment Managers","Lombard Odier Investment Managers","Multi-Asset
Alternatives
Fixed Income
Convertibles
Equities
Impact Investing
and Sustainability","201-500 employees",https://www.linkedin.com/company/lombard-odier-investment-managers,"2021-03-24 14:03:00"
139,"GCM Grosvenor","GCM Grosvenor",NULL,"201-500 employees",https://www.linkedin.com/company/gcmgrosvenor,"2021-03-24 14:04:00"
140,"JOH BERENBERG GOSSLER & CO.KG","JOH BERENBERG GOSSLER & CO.KG",NULL,NULL,https://www.linkedin.com/company/joh-berenberg-gossler-&-co.kg,"2021-03-24 14:05:00"
141,"Coronation Fund Managers","Coronation Fund Managers",NULL,"201-500 employees",https://www.linkedin.com/company/coronation-fund-managers,"2021-03-24 14:06:00"
142,"Epoch Investment Partners, Inc.","Epoch Investment Partners, Inc.",NULL,"51-200 employees",https://www.linkedin.com/company/epochinvest,"2021-03-24 14:07:00"
143,"Thornburg Investment Management","Thornburg Investment Management","Investment Management
Mutual Funds
and Institutional Accounts","201-500 employees",https://www.linkedin.com/company/thornburg-investment-management,"2021-03-24 15:30:00"
144,"Tishman Speyer","Tishman Speyer","Real Estate Acquisition
Development
and Leasing and Property Management","1,001-5,000 employees",https://www.linkedin.com/company/tishman-speyer,"2021-03-24 15:31:00"
145,"Pathway Capital Management","Pathway Capital Management","Fund of Funds
Private Markets
Private Equity 
Investment Management
Institutional Investments
Investment Portfolios
Private Credit
Infrastructure
Coinvestments
and Secondaries","51-200 employees",https://www.linkedin.com/company/pathway-capital-management,"2021-03-24 15:32:00"
146,"PATRIZIA IMMOBILIEN KAPITALVERWALTUNGSGESELLSCHAFT MBH","PATRIZIA IMMOBILIEN KAPITALVERWALTUNGSGESELLSCHAFT MBH",NULL,NULL,https://www.linkedin.com/company/patrizia-immobilien-kapitalverwaltungsgesellschaft-mbh,"2021-03-24 15:33:00"
147,"Clarion Partners LLC","Clarion Partners LLC","Commercial Real Estate Investment","201-500 employees",https://www.linkedin.com/company/clarion-partners-llc,"2021-03-24 15:34:00"
148,"The Boston Company Asset Management","The Boston Company Asset Management",NULL,"501-1,000 employees",https://www.linkedin.com/company/the-boston-company,"2021-03-24 15:35:00"
149,Quilvest,Quilvest,NULL,"51-200 employees",https://www.linkedin.com/company/quilvest,"2021-03-24 15:36:00"
150,"SECOR Asset Management","SECOR Asset Management","Derivative Overlay Management
Risk Mitigation Strategies
Investment Solutions
Liability Driven Investing
Tail Risk Hedging
Systematic Macro Strategy
and Defensive Equity Strategy","11-50 employees",https://www.linkedin.com/company/secor-asset-management,"2021-03-24 15:37:00"
151,"J O Hambro Capital Management","J O Hambro Capital Management","Equities and Multi-asset","51-200 employees",https://www.linkedin.com/company/j-o-hambro-capital-management,"2021-03-24 15:38:00"
152,"Harding Loevner LP","Harding Loevner LP",NULL,"51-200 employees",https://www.linkedin.com/company/harding-loevner-lp,"2021-03-24 15:39:00"
153,"Colchester Global Investors Limited","Colchester Global Investors Limited","Global Sovereign Bonds","51-200 employees",https://www.linkedin.com/company/colchester-global-investors-limited,"2021-03-24 15:40:00"
154,Universal-Investment,Universal-Investment,"Asset Management
Master KVG
Fondsauflage
Private Label Fonds
Reporting
Insourcing
ManCo
UCITS
AIF
Portfoliomanagement
Institutional Investors
Real Assets
Immobilienfonds
Fund Administration
Real Estate
Alternative Investments
ESG
and Overlay Management","501-1,000 employees",https://www.linkedin.com/company/universal-investment,"2021-03-24 15:40:00"
155,"Raiffeisen Capital Management","Raiffeisen Capital Management","Sustainability
Fixed Income
Equities
Multi Asset
Investment Funds
and Active Management","201-500 employees",https://www.linkedin.com/company/raiffeisen-capital-management,"2021-03-24 15:41:00"
156,Pantheon,Pantheon,"Web Site Design - Managed Hosting
Platform Integration
Assn Mgmt - Client Mgmt - Learning Mgmt Systems
","51-200 employees",https://www.linkedin.com/company/-pantheon-,"2021-03-24 15:42:00"
157,Heitman,Heitman,NULL,"201-500 employees",https://www.linkedin.com/company/heitman,"2021-03-24 15:43:00"
158,"Hermes Investments","Hermes Investments","Investments
Start-up mentoring
and Business Angels","2-10 employees",https://www.linkedin.com/company/hermes-investments,"2021-03-24 16:02:00"
159,"Irish Life Investment Managers","Irish Life Investment Managers","Asset Management","51-200 employees",https://www.linkedin.com/company/irish-life-investment-managers,"2021-03-24 16:04:00"
160,"Hauck & Aufhäuser","Hauck & Aufhäuser","Asset Servicing
Financial Markets
Vermögensmanagement
Asset Management
Private Banking
Fund Administration
","501-1,000 employees",https://www.linkedin.com/company/hauck-&-aufhaeuser,"2021-03-24 16:05:00"
161,BlackRock,BlackRock,"Financial Services","10,001+ employees",https://www.linkedin.com/company/blackrock,"2021-03-19 21:40:26"
162,"VANGUARD ASSET MANAGEMENT, LTD.","VANGUARD ASSET MANAGEMENT, LTD.","Retirement
Investments
Online trading
Asset management",NULL,https://www.linkedin.com/company/vanguard-asset-management-ltd-,"2021-03-20 17:08:39"
163,"State Street Global Advisors","State Street Global Advisors",NULL,"1,001-5,000 employees",https://www.linkedin.com/company/state-street-global-advisors,"2021-03-20 17:14:50"
164,"Fidelity Investments","Fidelity Investments","Retirement
Investments
Online trading
Asset management
IRA
401k
Mutual funds
Stocks
ETF
Bonds
Brokerage
Cash management
HSA
529 plans
Annuities
Life insurance
Benefits consulting
Stock plan services
Investing
and Business news","10,001+ employees",https://www.linkedin.com/company/fidelity-investments,"2021-03-20 17:21:28"
165,"BNY Mellon Investment Management","BNY Mellon Investment Management",NULL,NULL,https://www.linkedin.com/showcase/bny-mellon-investment-management-global,"2021-03-20 17:23:59"
166,"J.P. Morgan Asset Management","J.P. Morgan Asset Management",NULL,"10,001+ employees",https://www.linkedin.com/company/jpmorganassetmanagement,"2021-03-20 17:27:19"
167,PIMCO,PIMCO,NULL,"1,001-5,000 employees",https://www.linkedin.com/company/pimco,"2021-03-20 17:28:26"
168,Amundi,Amundi,"Asset Management and Gestion d'actifs","1,001-5,000 employees",https://www.linkedin.com/company/amundi-,"2021-03-20 17:29:56"
169,"Prudential Financial","Prudential Financial","Financial Services
Investment Management
Life Insurance
Retirement Benefits
Group Benefits
Annuities
Mutual Funds
Technology
Financial Wellness
Inclusive Culture
and Purpose Driven Organization","10,001+ employees",https://www.linkedin.com/company/prudential-financial,"2021-03-20 17:31:15"
170,"Legal & General Investment Management (LGIM)","Legal & General Investment Management (LGIM)",NULL,"1,001-5,000 employees",https://www.linkedin.com/company/legal-&-general-investment-management,"2021-03-20 17:32:31"
171,"Goldman Sachs Asset Management","Goldman Sachs Asset Management",NULL,NULL,https://www.linkedin.com/showcase/goldman-sachs-assetmanagement,"2021-03-20 17:33:42"
172,"Wellington Management","Wellington Management","Investment Management
Insurance Asset Management
Defined Contribution Investments
Financial Reserves Management
ESG Integration
Liability-Driven Investing
Multi-Manager Solutions
Family Office Investing
and Sustainable Investing","1,001-5,000 employees",https://www.linkedin.com/company/wellington-management,"2021-03-20 17:34:56"
173,"Natixis Investment Managers","Natixis Investment Managers","Investment Management
Investment Strategy
Portfolio Construction
Active Management
Risk Management
Fixed Income
Equities
Alternatives
Retirement
Private Wealth
and Financial Services","201-500 employees",https://www.linkedin.com/company/natixis-investment-managers,"2021-03-20 17:36:33"
174,"T. Rowe Price","T. Rowe Price","Asset Management
Mutual Funds
Subadvisory Services
Retirement Plans
Separate Accounts
IRAs
Retirement Planning
and College Planning","5,001-10,000 employees",https://www.linkedin.com/company/t--rowe-price,"2021-03-20 17:38:10"
175,Nuveen,Nuveen,"Investment Management
Closed-End Funds
Mutual Funds
Managed Accounts
Municipal Bonds
Equities
Alternatives
Global Real Assets
Alternative Investments
Taxable Fixed Income
Responsible Investments
Real Assets
and Asset Management","1,001-5,000 employees",https://www.linkedin.com/company/nuveen,"2021-03-20 17:39:23"
176,"Northern Trust Wealth Management","Northern Trust Wealth Management","Investment Management
Trust and Estate Services
Philanthropic Services
Specialized Advisory Services
Family Office Solutions
and Private and Business Banking","10,001+ employees",https://www.linkedin.com/company/northern-trust-wealth-management,"2021-03-20 17:40:42"
177,"Invesco US","Invesco US","asset management
UITs
closed-end mutual funds
DC/DB
actively managed open-end mutual funds
ETFs
variable insurance funds
separate accounts (individual and institutional)
collective trusts
private placements
and subadvised accounts","5,001-10,000 employees",https://www.linkedin.com/company/invesco-us,"2021-03-20 17:41:57"
178,"AXA Investment Managers","AXA Investment Managers","Investment management
Asset management
and Local and global investment solutions","1,001-5,000 employees",https://www.linkedin.com/company/axa-investment-managers,"2021-03-20 17:43:12"
179,"DWS Group","DWS Group","Mutual Funds
Investments
and Asset Management","1,001-5,000 employees",https://www.linkedin.com/company/dwsgroup,"2021-03-20 17:44:48"
180,"Affiliated Managers Group","Affiliated Managers Group",NULL,"1,001-5,000 employees",https://www.linkedin.com/company/affiliated-managers-group,"2021-03-20 17:46:26"
181,"UBS Asset Management","UBS Asset Management",NULL,NULL,https://www.linkedin.com/showcase/ubs-asset-management/,"2021-03-20 17:47:39"
182,"Insight Investment","Insight Investment","Investment
Asset Management
Liability driven investment
Fixed Income
Absolute return
Risk Management
and Multi-asset investing","501-1,000 employees",https://www.linkedin.com/company/insight-investment,"2021-03-20 17:48:50"
183,"Sumitomo Mitsui Trust Bank","Sumitomo Mitsui Trust Bank",NULL,"10,001+ employees",https://www.linkedin.com/company/sumitomo-trust,"2021-03-20 17:50:46"
184,"Aberdeen Standard Investments","Aberdeen Standard Investments","equities
fixed income
property
and alternatives","5,001-10,000 employees",https://www.linkedin.com/company/aberdeen-standard-investments,"2021-03-20 17:52:03"
185,"Legg Mason (Acquired by Franklin Templeton)","Legg Mason (Acquired by Franklin Templeton)",NULL,"1,001-5,000 employees",https://www.linkedin.com/company/leggmason,"2021-03-20 17:53:19"
186,"Franklin Templeton","Franklin Templeton","By bringing together multiple
specialized investment teams in a single firm
we are able to offer investment expertise across styles and asset classes
all supported by the strength and resources of one of the worldâ€™s largest asset managers.","5,001-10,000 employees",https://www.linkedin.com/company/franklin-templeton,"2021-03-20 17:54:43"
187,"BNP Paribas Asset Management","BNP Paribas Asset Management","Asset Management
Funds
and Investment","1,001-5,000 employees",https://www.linkedin.com/company/bnp-paribas-asset-management,"2021-03-20 17:56:07"
188,MUFG,MUFG,NULL,NULL,https://www.linkedin.com/company/mufg?trk=public_profile_topcard-current-company,"2021-03-20 17:59:19"
189,"Allianz Global Investors","Allianz Global Investors","Active Asset Management","1,001-5,000 employees",https://www.linkedin.com/company/allianz-global-investors,"2021-03-20 18:00:25"
190,"MetLife Investment Management","MetLife Investment Management","Investment Management","501-1,000 employees",https://www.linkedin.com/company/metlife-investment-management,"2021-03-20 18:15:23"
191,"Dimensional Fund Advisors","Dimensional Fund Advisors",NULL,"1,001-5,000 employees",https://www.linkedin.com/company/dimensional-fund-advisors,"2021-03-20 18:16:32"
192,Schroders,Schroders,"Asset Management and Wealth Management","5,001-10,000 employees",https://www.linkedin.com/company/schroders,"2021-03-20 18:17:54"
193,"Mellon Capital","Mellon Capital",NULL,"501-1,000 employees",https://www.linkedin.com/company/mellon-capital-management,"2021-03-20 18:19:51"
194,APG,APG,"Pension delivery organization and Pension Asset Management","1,001-5,000 employees",https://www.linkedin.com/company/apg,"2021-03-20 18:21:06"
195,"Generali Investments","Generali Investments","Asset Management
Portfolio Management
Asset-Liability Management (ALM)
Fund Management
Liability Driven Investments
and Socially Responsible Investments","501-1,000 employees",https://www.linkedin.com/company/generali-investments,"2021-03-20 18:22:20"
196,AllianceBernstein,AllianceBernstein,"Financial Services
Asset Management
Investment Management
Investment Research
Wealth Planning
Tax Planning
and Retirement","1,001-5,000 employees",https://www.linkedin.com/company/abglobal,"2021-03-20 18:23:32"
197,"Asset Management One International Ltd.","Asset Management One International Ltd.","Asset Management
Japanese Equities
and UCITS","11-50 employees",https://www.linkedin.com/company/asset-management-one-international-ltd.,"2021-03-20 18:26:49"
198,"Columbia Threadneedle Investments, US","Columbia Threadneedle Investments, US","Asset management
mutual funds
ETFs
529 plans
closed-end funds
and retirement plans","1,001-5,000 employees",https://www.linkedin.com/company/columbia-threadneedle-investments-us,"2021-03-20 18:28:00"
199,"MFS Investment Management","MFS Investment Management",NULL,"1,001-5,000 employees",https://www.linkedin.com/company/mfs-investment-management,"2021-03-20 18:29:05"
200,"Wells Fargo Asset Management","Wells Fargo Asset Management",NULL,NULL,https://www.linkedin.com/showcase/wells-fargo-asset-management,"2021-03-20 18:30:11"
201,"Morgan Stanley Investment Management","Morgan Stanley Investment Management",NULL,NULL,https://www.linkedin.com/showcase/morgan-stanley-investment-management,"2021-03-20 18:31:32"
202,"Aviva Investors","Aviva Investors","Real estate
Fixed income
Equity
Multi-asset
Alternative investments
Multi-strategy
Global Investment Solutions
and Real Assets","1,001-5,000 employees",https://www.linkedin.com/company/aviva-investors,"2021-03-20 18:32:31"
203,"M&G Investments","M&G Investments","Equities
Fixed Income
Real estate
Infrastructure
Private debt
Private equity
Mutual funds
and Institutional investment strategies","1,001-5,000 employees",https://www.linkedin.com/company/m&g,"2021-03-20 18:33:38"
204,"HSBC Asset Management","HSBC Asset Management",NULL,NULL,https://www.linkedin.com/showcase/hsbc-asset-management,"2021-03-20 18:34:46"
205,"Principal Global Investors","Principal Global Investors","Global Investment Management
Equity
Fixed Income
Real Estate
Currency Management
Asset Allocation
Stable Value
and Structured Investment Strategies","1,001-5,000 employees",https://www.linkedin.com/company/principal-global-investors,"2021-03-20 18:36:13"
206,"Western Asset Management","Western Asset Management","Fixed-Income Asset Management
Financial Services
and Institutional Investing","501-1,000 employees",https://www.linkedin.com/company/western-asset-management,"2021-03-20 18:37:33"
207,Blackstone,Blackstone,NULL,"1,001-5,000 employees",https://www.linkedin.com/company/blackstonegroup,"2021-03-20 18:38:41"
208,"Nomura Asset Management","Nomura Asset Management",NULL,"1,001-5,000 employees",https://www.linkedin.com/company/nomura-asset-management,"2021-03-20 18:39:51"
209,"Eaton Vance","Eaton Vance",NULL,"501-1,000 employees",https://www.linkedin.com/company/eaton-vance,"2021-03-20 18:40:57"
210,"Ostrum Asset Management","Ostrum Asset Management","Asset Management","201-500 employees",https://www.linkedin.com/company/ostrum-asset-management,"2021-03-20 18:42:04"
211,"Charles Schwab","Charles Schwab","Brokerage
Banking
Financial Consulting
Financial Products and Services
Portfolio Management
Advisor Services
Retirement Plan Services
Specialty Brokerage Services
and Mutual Fund Clearing Services","10,001+ employees",https://www.linkedin.com/company/charles-schwab,"2021-03-20 18:43:15"
212,"Federated Hermes","Federated Hermes","Investment Management","1,001-5,000 employees",https://www.linkedin.com/company/federated-hermes,"2021-03-20 18:44:28"
213,"Credit Suisse Asset Management Limited","Credit Suisse Asset Management Limited","Asset Management","51-200 employees",https://www.linkedin.com/company/credit-suisse-asset-management-limited,"2021-03-20 18:45:44"
214,"Geode Capital Management","Geode Capital Management","Equity Index
Commodity
Options
Multi-Asset Class
and Quantitative Active Equity","51-200 employees",https://www.linkedin.com/company/geode-capital-management,"2021-03-20 18:47:01"
215,"Manulife Investment Management","Manulife Investment Management",NULL,"1,001-5,000 employees",https://www.linkedin.com/company/manulife-investment-management,"2021-03-20 18:48:10"
216,"Union Investment","Union Investment","Asset Managemant and FondvermÃ¶gensverwalter","1,001-5,000 employees",https://de.linkedin.com/company/union-investment,"2021-03-20 18:49:27"
217,"Aegon Asset Management","Aegon Asset Management","Fixed Income
Multi-Asset
Fixed Income
Equities
Alternative Investments
Absolute Return
Multi Manager
Liability-Driven
and Ethical Investment","1,001-5,000 employees",https://www.linkedin.com/company/aegonam,"2021-03-20 18:50:47"
218,Eurizon,Eurizon,"Asset Management
Private Banking
and Investment Banking","501-1,000 employees",https://www.linkedin.com/company/eurizon,"2021-03-20 18:51:55"
219,"Mellon Capital","Mellon Capital",NULL,"501-1,000 employees",https://www.linkedin.com/company/mellon-capital-management,"2021-03-20 18:53:23"
220,"Janus Henderson Investors U.S.","Janus Henderson Investors U.S.",NULL,"1,001-5,000 employees",https://www.linkedin.com/company/janus-henderson-us,"2021-03-20 18:54:29"
221,"Macquarie Group","Macquarie Group","Advisory and capital raising
financing
investing
leasing
research
trading and hedging
and banking
advice and intermediary services
and funds management","10,001+ employees",https://www.linkedin.com/company/macquariegroup,"2021-03-20 18:55:41"
222,Barings,Barings,"Fixed Income
Real Estate
ESG
High Yield
Private Credit
Emerging Markets
and Equities","1,001-5,000 employees",https://www.linkedin.com/company/barings,"2021-03-20 18:56:56"
223,SEI,SEI,"Investment processing
Fund processing
and Investment management","1,001-5,000 employees",https://www.linkedin.com/company/sei,"2021-03-20 18:58:02"
224,"RBC Global Asset Management","RBC Global Asset Management","Investment Management","1,001-5,000 employees",https://ca.linkedin.com/company/rbc-global-asset-management,"2021-03-20 18:59:16"
225,"Fidelity International","Fidelity International","Asset Management
Investment Management
ISA
SIPP
Junior ISA
Wealth Manager
and Investment Trusts","5,001-10,000 employees",https://www.linkedin.com/company/fidelity-international,"2021-03-20 19:00:36"
226,"DekaBank Deutsche Girozentrale","DekaBank Deutsche Girozentrale","Investmentfonds
Immobilienfonds
Zertifikate
Finanzierungen
Sparkasse
Investment Funds
Real Estate Funds
Emissions
Financing Operations
Wertpapiere
Securities
and Savings Banks","1,001-5,000 employees",https://www.linkedin.com/company/dekabank,"2021-03-20 19:01:57"
227,"Dodge & Cox","Dodge & Cox",NULL,"201-500 employees",https://www.linkedin.com/company/dodge-&-cox,"2021-03-20 19:03:11"
228,MEAG,MEAG,"Assetmanagement
Fonds
Institutionelle Kunden
Infrastruktur
Immobilien
Private Equity
Aktien
Renten
and Forst und Agrar","501-1,000 employees",https://www.linkedin.com/company/meag,"2021-03-20 19:04:30"
229,"Russell Investments","Russell Investments","multi-asset solutions
investment management
fiduciary management / investment outsourcing
consulting and investment advice
implementation services
defined benefit
defined contribution
non-profit organizations
financial advisors
and healthcare systems","1,001-5,000 employees",https://www.linkedin.com/company/russell-investments,"2021-03-20 19:05:55"
230,"Neuberger Berman","Neuberger Berman","Investment Management and Asset Management","1,001-5,000 employees",https://www.linkedin.com/company/neuberger-berman,"2021-03-20 19:07:14"
231,"Stifel Financial Corp.","Stifel Financial Corp.","Wealth Management
Equity and Debt Offerings
Investment Banking
Strategic Advisory Services
Equity and Fixed Income Sales
Trading and Research
Private Placements
and Public Finance","5,001-10,000 employees",https://www.linkedin.com/company/stifel-financial-corp-,"2021-03-20 19:08:28"
232,"Nordea Asset Management","Nordea Asset Management",NULL,"501-1,000 employees",https://www.linkedin.com/company/nordea-asset-management,"2021-03-20 19:09:34"
233,PGGM,PGGM,"pensioenadministratie
vermogensbeheer
bestuursadvisering
pensioenbeheer
ALM
asset management
fiduciair management
Investments
duurzaam
and beleggen","1,001-5,000 employees",https://www.linkedin.com/company/pggm,"2021-03-20 19:10:43"
234,"BMO Global Asset Management - Canada","BMO Global Asset Management - Canada",NULL,"501-1,000 employees",https://ca.linkedin.com/company/bmo-global-asset-management-canada,"2021-03-20 19:12:02"
235,"La Banque Postale Asset Management","La Banque Postale Asset Management","Actions thÃ©matiques
Actifs rÃ©els et privÃ©s
Multi-actifs et Performance absolue
and Solutions quantitatives","51-200 employees",https://www.linkedin.com/company/lbpam,"2021-03-20 19:13:13"
236,"Loomis, Sayles & Company","Loomis, Sayles & Company",NULL,"501-1,000 employees",https://www.linkedin.com/company/loomis-sayles-&-company,"2021-03-20 19:14:30"
237,"Apollo Global Management Inc.","Apollo Global Management Inc.","Private Equity
Credit
and Real Assets","1,001-5,000 employees",https://www.linkedin.com/company/apollo-global-management-inc,"2021-03-20 19:15:38"
238,"Baillie Gifford","Baillie Gifford",NULL,"1,001-5,000 employees",https://www.linkedin.com/company/baillie-gifford,"2021-03-20 19:16:53"
239,"New York Life Investments","New York Life Investments",NULL,NULL,https://www.linkedin.com/company/nylinvestments?trk=public_profile_topcard-current-company,"2021-03-20 19:18:27"
240,"Capital Group","Capital Group","Investment Management","5,001-10,000 employees",https://www.linkedin.com/company/capital-group,"2021-03-21 16:27:09"
241,"TwentyFour Asset Management LLP","TwentyFour Asset Management LLP","Fixed Income
Asset Management
Absolute Return
Asset Backed Securities
Investment Management
and Total Return","51-200 employees",https://www.linkedin.com/company/twentyfour-asset-management/,"2021-03-22 14:22:00"
242,"Adrian Lee & Partners","Adrian Lee & Partners",NULL,"11-50 employees",https://www.linkedin.com/company/lee-overlay-partners/,"2021-03-22 14:22:00"
243,"PATRON CAPITAL ADVISERS LLP","PATRON CAPITAL ADVISERS LLP",NULL,NULL,https://www.linkedin.com/company/patron-capital-advisers-llp/,"2021-03-22 14:24:00"
244,"Aktia bank abp","Aktia bank abp",NULL,"11-50 employees",https://www.linkedin.com/company/aktia-bank-abp/,"2021-03-22 14:26:00"
245,CQS,CQS,NULL,"201-500 employees",https://www.linkedin.com/company/cqs/,"2021-03-22 14:32:00"
246,"QS Investors (Acquired by Franklin Templeton)","QS Investors (Acquired by Franklin Templeton)","liquid alternatives
diversification based investing
active equities
asset allocation
customized solutions
and defensive equity income investing","1,001-5,000 employees",https://www.linkedin.com/company/qs-investors-llc/,"2021-03-22 14:32:00"
247,"DJE Kapital AG","DJE Kapital AG","Finance
VermÃ¶gensverwaltung
Fonds
Investmentfonds
online vermÃ¶gensverwaltung
rentenfonds
Mischfonds
Aktienfonds
Inst
Institutioneller Vertrieb
Vertrieb
Publikumsfonds
and Institutionelles Asset Management","51-200 employees",https://www.linkedin.com/company/www-dje-de/,"2021-03-22 14:33:00"
248,"Liontrust Asset Management PLC","Liontrust Asset Management PLC",NULL,"51-200 employees",https://www.linkedin.com/company/liontrust-asset-management/,"2021-03-22 14:33:00"
249,"Capital Dynamics","Capital Dynamics","Private Equity
Clean Energy and Infrastructure
Portfolio and Risk Management
Co-Investment
Secondaries
and Private Credit","51-200 employees",https://www.linkedin.com/company/capital-dynamics/,"2021-03-22 14:34:00"
250,"Frontier Capital Management Co","Frontier Capital Management Co",NULL,"11-50 employees",https://www.linkedin.com/company/frontier-capital-management-co/,"2021-03-22 14:34:00"
251,"RWC Partners","RWC Partners","Asset Management
UCITS III Fund Management
Hedge Fund Management
Institutional Fund Management
Macro
Equity Income
Convertible Bonds
Specialist Value
Long Short Equity
and Emerging Markets","51-200 employees",https://www.linkedin.com/company/rwc/,"2021-03-22 14:35:00"
252,"Highland Capital Management","Highland Capital Management","Senior Secured Bank Loans
Long-Only High Yield Credit
Hedge Funds
CLOs
Distressed Private Equity
Emerging Markets
Long/Short Equities
Natural Resources
Mutual Funds
Real Estate
Private Equity
and Closed-End Funds","51-200 employees",https://www.linkedin.com/company/highland-capital-mgmt/,"2021-03-22 14:36:00"
253,"Hayfin Capital Management LLP","Hayfin Capital Management LLP",NULL,"51-200 employees",https://www.linkedin.com/company/hayfin/,"2021-03-22 14:36:00"
254,"Kairos Partners SGR","Kairos Partners SGR","Asset Management and Wealth Management","51-200 employees",https://www.linkedin.com/company/kairos/,"2021-03-22 14:37:00"
255,"Evli Bank Plc","Evli Bank Plc","asset management
investment banking
corporate finance
mutual funds
personal service
varainhoito
private banking
Alternative investment products
rahastot
and fundmanagement","201-500 employees",https://www.linkedin.com/company/evli-bank-plc/,"2021-03-22 14:37:00"
256,Bankinter,Bankinter,"Banca privada
Servicios Financieros
Broker
and Seguros","5,001-10,000 employees",https://www.linkedin.com/company/bankinter/,"2021-03-22 14:38:00"
257,"GNB GestÃ£o de Ativos","GNB GestÃ£o de Ativos","Investment Management","51-200 employees",https://www.linkedin.com/company/gnb-gestao-de-ativos/,"2021-03-22 14:39:00"
258,"Lupus alpha Asset Management AG","Lupus alpha Asset Management AG","Small & Mid Caps
Alternative Investments
VolatiliÃ¤tskonzepte
Wertsicherungskonzepte
CLO's
Global Convertibles
Fixed Income
Low Beta 
and Risk Premium","51-200 employees",https://www.linkedin.com/company/lupus-alpha/,"2021-03-22 14:39:00"
259,"Alfred Berg","Alfred Berg","asset management
equity funds
fixed income funds
and fundamental strategies","11-50 employees",https://www.linkedin.com/company/alfred-berg/,"2021-03-22 14:40:00"
260,"Siguler Guff & Company","Siguler Guff & Company",NULL,"51-200 employees",https://www.linkedin.com/company/siguler-guff-&-company/,"2021-03-22 14:40:00"
261,"Maple-Brown Abbott","Maple-Brown Abbott",NULL,"51-200 employees",https://www.linkedin.com/company/maple-brown-abbott/,"2021-03-22 14:41:00"
262,"Gateway Investment Advisers","Gateway Investment Advisers","Low-Volatility Equity","11-50 employees",https://www.linkedin.com/company/gateway-investment-advisers-llc/,"2021-03-22 22:41:00"
263,"New York Life Investments","New York Life Investments",NULL,NULL,https://www.linkedin.com/company/nylinvestments?trk=public_profile_topcard-current-company,"2021-03-22 22:44:00"
264,"KBI Global Investors","KBI Global Investors","Natural Resource Strategies
Global Equity Strategies
Multi-asset Strategies
and Emerging Market Equities","51-200 employees",https://www.linkedin.com/company/kbi-global-investors/,"2021-03-22 22:46:00"
265,"DTZ Investors","DTZ Investors","Fund Management
Asset Management
and Indirect Investing","51-200 employees",https://www.linkedin.com/company/dtz-investors/,"2021-03-22 22:47:00"
266,"Veritable, LP","Veritable, LP",NULL,"51-200 employees",https://www.linkedin.com/company/veritable-lp/,"2021-03-22 22:52:00"
267,"Capital Four","Capital Four","Leveraged finance
High Yielding Credit
Non-IG Credit
Investment Management
Asset Management
Private Debt
Structured Credit
and Multi Asset Credit","51-200 employees",https://www.linkedin.com/company/capital-four-management/,"2021-03-22 22:53:00"
268,"Systematica Investments","Systematica Investments",NULL,"51-200 employees",https://www.linkedin.com/company/systematica-investments/,"2021-03-22 22:53:00"
269,"Maj Invest","Maj Invest","asset management
private equity
markets
advisory services
mutual funds
and wealth management","51-200 employees",https://www.linkedin.com/company/maj-invest/,"2021-03-22 22:53:00"
270,"McDonnell Investment Management","McDonnell Investment Management","Fixed Income
Investment Management
and Customized Solutions","51-200 employees",https://www.linkedin.com/company/mcdonnell-investment-management/,"2021-03-22 22:53:00"
271,"HQ Capital","HQ Capital",NULL,"51-200 employees",https://www.linkedin.com/company/hq-capital/,"2021-03-22 22:54:00"
272,Bouwinvest,Bouwinvest,"Real estate
Asset management
Fund management
Institutional Investments
and Separate accounts","51-200 employees",https://www.linkedin.com/company/bouwinvest/,"2021-03-22 22:54:00"
273,"Setanta Asset Management Ltd","Setanta Asset Management Ltd","Asset Management and Investments","11-50 employees",https://www.linkedin.com/company/setanta-asset-management/,"2021-03-22 22:55:00"
274,"Impax Asset Management LLC | Pax World Funds","Impax Asset Management LLC | Pax World Funds","Sustainable Investing
Environmental
Social
and Governance Investing
Fossil Fuel-Free Investing
Women's Equality/Empowerment
Mutual Funds
Separate Accounts
Investing
Impact Investing 
ESG Investing
Sustainability 
gender equality 
and climate change","51-200 employees",https://www.linkedin.com/company/pax-world-funds/,"2021-03-22 22:55:00"
275,"Baring Private Equity Asia","Baring Private Equity Asia","Growth Equity
Leveraged Buyout
Public to Private
Education
and Business Services","51-200 employees",https://www.linkedin.com/company/baring-private-equity-asia/,"2021-03-22 22:55:00"
276,"CAP WEST EQUITIES","CAP WEST EQUITIES",NULL,"2-10 employees",https://www.linkedin.com/company/cap-west-equities/,"2021-03-22 22:56:00"
277,"Tristan Capital Partners","Tristan Capital Partners",NULL,"51-200 employees",https://www.linkedin.com/company/tristan-capital-partners/,"2021-03-22 22:56:00"
278,"Fisch Asset Management","Fisch Asset Management","Wandelanleihen
Unternehmensanleihen
and Absolute Return","51-200 employees",https://www.linkedin.com/company/fisch-asset-management/,"2021-03-22 22:57:00"
279,Mirova,Mirova,"Sustainable Finance
Sustainable Investing
Asset Management
Impact Investing
and ESG Investing","51-200 employees",https://www.linkedin.com/company/mirova/,"2021-03-22 22:57:00"
280,"Mirai Creation Fund/SPARX Group","Mirai Creation Fund/SPARX Group",NULL,"51-200 employees",https://www.linkedin.com/company/mirai-creation-fund/,"2021-03-22 22:57:00"
281,"FinanciÃ¨re de l'Echiquier","FinanciÃ¨re de l'Echiquier","SociÃ©tÃ© de gestion de portefeuilles
Asset management
Finance
Gestion PrivÃ©e
Fonds Actions
Fonds ISR
Fonds diversifiÃ©s
Gestion sous mandat
Stock-picking
Asset Management
Equities
European Equities
Global Equities
Value
Growth
Large Cap
Small Cap
Mid Cap
D","51-200 employees",https://www.linkedin.com/company/financiere-de-l'echiquier/,"2021-03-22 22:58:00"
282,"PYRFORD INTERNATIONAL LIMITED","PYRFORD INTERNATIONAL LIMITED",NULL,NULL,https://www.linkedin.com/company/pyrford-international-limited/,"2021-03-22 22:58:00"
283,"TRILOGY GLOBAL ADVISORS INTERNATIONAL LLP","TRILOGY GLOBAL ADVISORS INTERNATIONAL LLP",NULL,NULL,https://www.linkedin.com/company/trilogy-global-advisors-international-llp/,"2021-03-22 22:59:00"
284,"Edinburgh Partners Limited","Edinburgh Partners Limited","Global Equities
International Equities
European Equities
Emerging Market Equities
EAFE Equities
and Pan European Equities","51-200 employees",https://www.linkedin.com/company/edinburgh-partners-limited/,"2021-03-22 22:59:00"
285,"Access Capital Partners","Access Capital Partners",NULL,"51-200 employees",https://www.linkedin.com/company/access-capital-partners/,"2021-03-22 22:59:00"
286,"Foyston, Gordon & Payne Inc.","Foyston, Gordon & Payne Inc.",NULL,"51-200 employees",https://www.linkedin.com/company/foyston-gordon-&-payne-inc-/,"2021-03-22 23:00:00"
287,"Renta 4","Renta 4","Especialista en Servicios de InversiÃ³n
GestiÃ³n patrimonial
and Especialista en mercados de capitales","201-500 employees",https://www.linkedin.com/company/renta-4/,"2021-03-22 23:00:00"
288,"Sycomore Asset Management","Sycomore Asset Management","European Equities
Long/Short Equities
Emerging Markets
Socially Responsible Investments
and Corporate Bonds","51-200 employees",https://www.linkedin.com/company/sycomore-asset-management/,"2021-03-22 23:00:00"
289,"SKAGEN Funds","SKAGEN Funds","Equity funds are managed with an applied value-based and active investment philosophy with global mandates","51-200 employees",https://www.linkedin.com/company/skagen-as/,"2021-03-22 23:01:00"
290,TOBAM,TOBAM,"Smart Beta
Asset Management
Equities
Credit
Maximum Diversification Indices
Quantitative Research
Bourbaki Spirit
Strategic Beta
Alternative Beta
and Core Investments","51-200 employees",https://www.linkedin.com/company/tobam/,"2021-03-22 23:01:00"
291,"Capital Markets Arion Bank","Capital Markets Arion Bank",NULL,"11-50 employees",https://www.linkedin.com/company/capital-markets-arion-bank/,"2021-03-22 23:02:00"
292,"CenterSquare Investment Management","CenterSquare Investment Management",NULL,"51-200 employees",https://www.linkedin.com/company/centersquare/,"2021-03-22 23:02:00"
293,"March Asset Management","March Asset Management","Asset Management
Global Stock Picking
Euro Short Fixed Income
Asset Allocation
Planes de Pensiones
Fondos de Inversion
Prevision
Gestion de Activos
Ahorro
Tematicos
Renta Variable
and Value Investing","11-50 employees",https://www.linkedin.com/company/march-gestion-sgiic/,"2021-03-22 23:02:00"
294,"Abbott Capital Management, LLC","Abbott Capital Management, LLC","Private Equity Fund Investments
Secondary Investments
US Buyouts
Non-US Buyouts
Venture Capital and Growth Equity
Customized Solutions
Global Programs
Co-Investments
and Special Situations","51-200 employees",https://www.linkedin.com/company/abbott-capital-management-llc/,"2021-03-22 23:03:00"
295,Seeyond,Seeyond,NULL,"11-50 employees",https://www.linkedin.com/company/seeyond/,"2021-03-22 23:03:00"
296,"Securis Investment Partners LLP","Securis Investment Partners LLP","Insurance Linked Securities
ILS
Asset Management
and Hedge Fund","51-200 employees",https://www.linkedin.com/company/securis-investment-partners-llp/,"2021-03-22 23:04:00"
297,"Cromwell Property Group","Cromwell Property Group","Property Funds Management
Property Investment
Asset Management & Enhancement
Project Management
Capital Raising
Investment Sourcing & Structuring
Property Sustainability
and Due Diligence","201-500 employees",https://www.linkedin.com/company/cromwell-property-group/,"2021-03-22 23:04:00"
298,"IPM - Informed Portfolio Management","IPM - Informed Portfolio Management",NULL,"51-200 employees",https://www.linkedin.com/company/ipm---informed-portfolio-management/,"2021-03-22 23:04:00"
299,"Driehaus Capital Management LLC","Driehaus Capital Management LLC",NULL,"51-200 employees",https://www.linkedin.com/company/driehaus-capital-management/,"2021-03-22 23:05:00"
300,"BANKIA PENSIONES SA ENTIDAD GESTORA DE FONDOS DE PENSIONES","BANKIA PENSIONES SA ENTIDAD GESTORA DE FONDOS DE PENSIONES",NULL,"11-50 employees",https://www.linkedin.com/company/bankia-pensiones-sa-entidad-gestora-de-fondos-de-pensiones/,"2021-03-22 23:05:00"
301,"DDJ Capital Management","DDJ Capital Management",NULL,"51-200 employees",https://www.linkedin.com/company/ddj-capital-management/,"2021-03-22 23:05:00"
302,"AlphaSimplex Group","AlphaSimplex Group",NULL,"11-50 employees",https://www.linkedin.com/company/alphasimplex/,"2021-03-22 23:05:00"
303,"VEGA Investment Managers","VEGA Investment Managers",NULL,"51-200 employees",https://www.linkedin.com/company/vega-investment-managers/,"2021-03-22 23:06:00"
304,"Investa Property Group","Investa Property Group","Property Funds Management
Premium Office Leasing
Asset Management
Property Management
Facilities Management
Commerial Property Development
Research
and Sustainability","201-500 employees",https://www.linkedin.com/company/investa-property-group/,"2021-03-22 23:06:00"
305,"Jacobs Levy Equity Management","Jacobs Levy Equity Management",NULL,"51-200 employees",https://www.linkedin.com/company/jacobs-levy-equity-management/,"2021-03-22 23:06:00"
306,"Investors Mutual","Investors Mutual","Investment Management
Australian Equities
bottom-up style
and equity income fund","11-50 employees",https://www.linkedin.com/company/investors-mutual-limited/,"2021-03-22 23:07:00"
307,"River Road Asset Management","River Road Asset Management",NULL,"11-50 employees",https://www.linkedin.com/company/river-road-asset-management/,"2021-03-22 23:07:00"
308,"IBERCAJA PENSION ENTIDAD GESTORA DE FONDOS DE PENSIONES SA","IBERCAJA PENSION ENTIDAD GESTORA DE FONDOS DE PENSIONES SA",NULL,"11-50 employees",https://www.linkedin.com/company/ibercaja-pension-entidad-gestora-de-fondos-de-pensiones-sa/,"2021-03-22 23:07:00"
309,"Unicaja Banco","Unicaja Banco",NULL,"5,001-10,000 employees",https://www.linkedin.com/company/unicajabanco/,"2021-03-22 23:08:00"
310,"FIM Varainhoito Oy","FIM Varainhoito Oy",NULL,"11-50 employees",https://www.linkedin.com/company/fim-varainhoito-oy/,"2021-03-22 23:08:00"
311,"Brookfield Asset Management","Brookfield Asset Management","Asset Management
Real Estate
Infrastructure
Renewable Power
Private Equity
Alternative Assets
and Credit","1,001-5,000 employees",https://www.linkedin.com/company/brookfield-asset-management/,"2021-03-23 09:43:00"
312,Allianz,Allianz,"Insurance
Asset Management
and Financials","10,001+ employees",https://www.linkedin.com/company/allianz/,"2021-03-23 09:43:00"
313,EIG,EIG,NULL,"51-200 employees",https://www.linkedin.com/company/eig-partners/,"2021-03-23 09:44:00"
314,Sydbank,Sydbank,NULL,"1,001-5,000 employees",https://www.linkedin.com/company/sydbank/,"2021-03-23 09:44:00"
315,"Banco PortuguÃªs de GestÃ£o","Banco PortuguÃªs de GestÃ£o",NULL,"51-200 employees",https://www.linkedin.com/company/banco-portugu-s-de-gest-o/,"2021-03-23 09:44:00"
316,"Vaughan Nelson Investment Management","Vaughan Nelson Investment Management",NULL,"11-50 employees",https://www.linkedin.com/company/vaughan-nelson/,"2021-03-23 09:50:00"
317,"ECOFI INVESTISSEMENTS","ECOFI INVESTISSEMENTS",NULL,NULL,https://www.linkedin.com/company/ecofi-investissements/?originalSubdomain=fr,"2021-03-23 09:50:00"
318,SPARX,SPARX,NULL,NULL,https://www.linkedin.com/company/sparxgroup/?originalSubdomain=jp,"2021-03-23 09:50:00"
319,"VTB Capital","VTB Capital","Investment Banking
Investment Management
Brokerage
and Leveraged Finance","1,001-5,000 employees",https://www.linkedin.com/company/vtb-capital/,"2021-03-23 09:50:00"
320,"Arca SGR","Arca SGR","Asset management
Banks
Financial
Gestione del risparmio
Soluzioni di investimento
Fondi comuni
Gestioni patrimoniali
Previdenza complementare
and Fondi Pensione","51-200 employees",https://www.linkedin.com/company/arcafondisgr/,"2021-03-20 21:07:00"
321,"Shinhan Bank","Shinhan Bank","Banking
Financial Services
Wealth Management
Corporate Banking
Personal Banking
International Finance
Foreign Direct Investment
and Investment Banking","10,001+ employees",https://www.linkedin.com/company/shinhan-bank/,"2021-03-20 21:08:00"
322,"Artemis Investment Management","Artemis Investment Management","Investment management
Fund management
Unit trusts
Venture capital trusts
Investment trusts
and OEICs","201-500 employees",https://www.linkedin.com/company/artemis-investment-management/,"2021-03-20 21:09:00"
323,"Bentall Kennedy","Bentall Kennedy","Real Estate Investment Advisors
Property Management
Leasing
Development
and Build to Core","1,001-5,000 employees",https://www.linkedin.com/company/bentall-kennedy/,"2021-03-20 21:09:00"
324,"GW&K Investment Management","GW&K Investment Management","Equity and Fixed Income Investment Management and Servicing Institutions
Advisory and Private Clients","51-200 employees",https://www.linkedin.com/company/gw&k-investment-management/,"2021-03-20 21:10:00"
325,"The Logan Circle Group","The Logan Circle Group",NULL,"2-10 employees",https://www.linkedin.com/company/logancirclegroup/,"2021-03-20 21:10:00"
326,"Muzinich & Co","Muzinich & Co",NULL,"201-500 employees",https://www.linkedin.com/company/muzinich-&-co/,"2021-03-20 21:31:00"
327,VidaCaixa,VidaCaixa,"Seguros
Ahorro
JubilaciÃ³n
InversiÃ³n Socialmente Responsable
Seguros de vida
Planes de pensiones
Seguros de ahorro
Rentas vitalicias
Ahorro y previsiÃ³n para colectivos
Cobertura para sus empleados
and Finanzas","501-1,000 employees",https://www.linkedin.com/company/vidacaixa/,"2021-03-20 21:32:00"
328,"Quoniam Asset Management GmbH","Quoniam Asset Management GmbH","Equities
Fixed Income
Credit
Multi-asset
Asset management
Investment management
Multi factor
Factor investing
Multi factor strategies
ESG
ESGinvesting
SRI
Sustainable finance
Responsible investment
Quant
Quantitative finance
Quantitative asset management","51-200 employees",https://www.linkedin.com/company/quoniam-asset-management/,"2021-03-20 21:32:00"
329,Alcentra,Alcentra,NULL,"51-200 employees",https://www.linkedin.com/company/alcentra/,"2021-03-20 21:33:00"
330,Gothaer,Gothaer,"Sachversicherung
Krankenversicherung
Lebensversicherung
Direktversicherung
and IT","5,001-10,000 employees",https://www.linkedin.com/company/gothaer/,"2021-03-20 21:34:00"
331,"Mirabaud Group","Mirabaud Group","Wealth Management
Asset Management
and Securities","501-1,000 employees",https://www.linkedin.com/company/mirabaud-group/,"2021-03-20 21:34:00"
332,COMGEST,COMGEST,"Quality Growth Equity Management
Responsible Investing
Equities
GEM Equities
and European Equities","51-200 employees",https://www.linkedin.com/company/comgest/,"2021-03-20 21:35:00"
333,"Stone Harbor Investment Partners","Stone Harbor Investment Partners",NULL,"51-200 employees",https://www.linkedin.com/company/stone-harbor-investment-partners/,"2021-03-20 21:35:00"
334,AEW,AEW,"Separate Accounts
Comingled Funds
Retail Investor Funds
REITs
Real Estate Debt
and Club Deals","501-1,000 employees",https://www.linkedin.com/company/aew-global/,"2021-03-20 21:36:00"
335,"Intermediate Capital Group (ICG)","Intermediate Capital Group (ICG)","Asset management
Private debt
Leveraged credit
Minority equity
and Private equity","201-500 employees",https://www.linkedin.com/company/intermediate-capital-group/,"2021-03-20 21:37:00"
336,"Adams Street Partners","Adams Street Partners","Global Programs
US Fund of Funds
Non-US Fund of Funds
Secondary Investments
Venture Capital and Growth Equity
Customized Solutions
Buyout Co-Investments
and Private Credit","201-500 employees",https://www.linkedin.com/company/adams-street-partners/,"2021-03-20 21:38:00"
337,"Aegon Asset Management (formerly TKP Investments)","Aegon Asset Management (formerly TKP Investments)","Integral asset management
Multi-Manager Investing
Fiduciairy management
Modular service provision
Strategic advice
Socially Responsible Investing
and Long-Term Investing","1,001-5,000 employees",https://www.linkedin.com/company/tkp-investments/,"2021-03-20 21:38:00"
338,"HFT Investments","HFT Investments",NULL,"201-500 employees",https://www.linkedin.com/company/hft-investments/,"2021-03-20 21:39:00"
339,"Brandes Investment Partners","Brandes Investment Partners","Value Investing
Global Equities
Emerging Market Equities
International Equities
Fixed Income Investing
U.S. Value Equities
European Equities
Japan Equities
Asia ex-Japan Equities
Global Opportunities
and Global Equity Income","201-500 employees",https://www.linkedin.com/company/brandes-investment-partners/,"2021-03-20 21:39:00"
340,"DNCA Finance","DNCA Finance","Fund Management
European equities (â€œlong onlyâ€ and â€œabsolute returnâ€)
Convertibles bonds
Euro-zone bonds
and Balanced portfolios","51-200 employees",https://www.linkedin.com/company/dnca-finance/,"2021-03-20 21:40:00"
341,InsingerGilissen,InsingerGilissen,NULL,"201-500 employees",https://www.linkedin.com/company/insingergilissen/,"2021-03-20 21:41:00"
342,"Eagle Asset Management","Eagle Asset Management","Asset management and financial","51-200 employees",https://www.linkedin.com/company/eagle-asset-management/,"2021-03-20 21:41:00"
343,"Los Angeles Capital Management LLC","Los Angeles Capital Management LLC",NULL,"51-200 employees",https://www.linkedin.com/company/los-angeles-capital-management/,"2021-03-20 21:42:00"
344,"Beutel, Goodman & Company Ltd.","Beutel, Goodman & Company Ltd.","Institutional Investing
Value Investing
Active Investing
Portfolio Management
Canadian Equities
U.S. Equities
International Equities
Global Equities
Canadian Fixed Income
Balanced Strategies
Individual Investing
and Indigenous Investing Services","51-200 employees",https://www.linkedin.com/company/beutel-goodman/,"2021-03-20 21:42:00"
345,"Natixis Investment Managers","Natixis Investment Managers","Investment Management
Investment Strategy
Portfolio Construction
Active Management
Risk Management
Fixed Income
Equities
Alternatives
Retirement
Private Wealth
and Financial Services","201-500 employees",https://www.linkedin.com/company/natixis-investment-managers/,"2021-03-20 21:43:00"
346,"AGF Cross Channel Management","AGF Cross Channel Management","Marketing
Communication
Digital
Print Technology
Variable Data Marketing
Design
User Experience
Stampa
and Personalizzazione","11-50 employees",https://www.linkedin.com/company/agf-cross-channel-management/,"2021-03-20 21:43:00"
347,"Davis Advisors","Davis Advisors",NULL,"201-500 employees",https://www.linkedin.com/company/davis-advisors/,"2021-03-20 21:44:00"
348,"Genesis Asset Management","Genesis Asset Management",NULL,"2-10 employees",https://www.linkedin.com/company/genesisam/,"2021-03-20 21:45:00"
349,Natixis,Natixis,"Banque de Grande ClientÃ¨le
Epargne
Assurances
Gestion d'actifs
gestion de fortune
and paiements","10,001+ employees",https://www.linkedin.com/company/natixis/,"2021-03-20 21:45:00"
350,Nykredit,Nykredit,"financial services and finance","1,001-5,000 employees",https://www.linkedin.com/company/nykredit/,"2021-03-20 21:46:00"
351,Winton,Winton,"Investment Management
Quantitative Investing 
Systematic Investing
Big Data
Artificial Intelligence
Trend Following
Machine Learning
Technology
Asset Management
Data Science
and Scientific Method","201-500 employees",https://www.linkedin.com/company/winton/,"2021-03-20 21:46:00"
352,"KGAL GmbH & Co. KG (KGAL)","KGAL GmbH & Co. KG (KGAL)","Real Assets
Real Estate
Infrastructure
and Renewable Energies","201-500 employees",https://www.linkedin.com/company/kgal/,"2021-03-20 21:47:00"
353,"Banco Sabadell","Banco Sabadell",NULL,"10,001+ employees",https://www.linkedin.com/company/banco-sabadell/,"2021-03-20 21:50:00"
354,Unigestion,Unigestion,"Equity
Multi Asset Investing
Private Equity
and Alternatives","201-500 employees",https://www.linkedin.com/company/unigestion/,"2021-03-20 21:51:00"
355,"First Quadrant","First Quadrant",NULL,"51-200 employees",https://www.linkedin.com/company/first-quadrant/,"2021-03-20 21:51:00"
356,"Assenagon Asset Management S.A.","Assenagon Asset Management S.A.","Credit
Equity
Multi Asset
and Volatiliy","51-200 employees",https://www.linkedin.com/company/assenagon/,"2021-03-20 21:52:00"
357,Kutxabank,Kutxabank,NULL,"5,001-10,000 employees",https://www.linkedin.com/company/kutxabank/,"2021-03-20 21:52:00"
358,"SPF Beheer","SPF Beheer","Pensioenbeheer
Vermogensbeheer
and Employee Benefits","51-200 employees",https://www.linkedin.com/company/spf-beheer/,"2021-03-20 21:53:00"
359,"TSW (Thompson, Siegel & Walmsley LLC)","TSW (Thompson, Siegel & Walmsley LLC)","Investment Management","51-200 employees",https://www.linkedin.com/company/thompson-siegel-&-walmsley/,"2021-03-20 21:54:00"
360,"Seix Investment Advisors","Seix Investment Advisors","Fixed Income Investment Management","51-200 employees",https://www.linkedin.com/company/seix-investment-advisors-llc/,"2021-03-20 21:54:00"
361,AEW,AEW,"Separate Accounts
Comingled Funds
Retail Investor Funds
REITs
Real Estate Debt
and Club Deals","501-1,000 employees",https://www.linkedin.com/company/aew-global/,"2021-03-20 21:55:00"
362,"Cheyne Capital","Cheyne Capital","Real Estate Debt
Social Property Impact
Investment Grade Corporate Credit
Strategic Value Credit
Convertible Bonds
Event Driven
and Equities","51-200 employees",https://www.linkedin.com/company/cheyne-capital/,"2021-03-20 21:55:00"
363,BankInvest,BankInvest,"Investering
Aktier
Obligationer
Opsparing
Investeringsforeninger
and Aktiv forvaltning","51-200 employees",https://www.linkedin.com/company/bankinvest/,"2021-03-20 21:56:00"
364,"Jyske Capital","Jyske Capital","Danish Mortgage Bonds
Corporate Bonds
Nordic Investments
ESG
Equities
Capital Markets
Asset Management
Sustainable Investments
Green Investments
Danish Bank
Danish Asset Management
SICAV
Nordic Capital
Mortgage Bonds
Cross Assets
Alternative Investments
","51-200 employees",https://www.linkedin.com/company/jyske-capital/,"2021-03-20 21:56:00"
365,"TFG Asset Management","TFG Asset Management","Hotel Asset Management
Real Estate
Property Management
Retail
and Brokerage","11-50 employees",https://www.linkedin.com/company/tfg-asset-management/,"2021-03-20 21:57:00"
366,Lendlease,Lendlease,"Property
Engineering
Retail
Building
Urban Regeneration
Services
Investment Management
Construction
and Development","10,001+ employees",https://www.linkedin.com/company/lend-lease/,"2021-03-20 21:57:00"
367,"BlueMountain Capital Management","BlueMountain Capital Management",NULL,"51-200 employees",https://www.linkedin.com/company/bluemountain-capital-management/,"2021-03-20 21:58:00"
368,Cardano,Cardano,"Fiduciary Management
Risk Management
and Investment Advisory","51-200 employees",https://www.linkedin.com/company/cardano/,"2021-03-20 21:59:00"
369,"Landmark Partners","Landmark Partners","Secondaries
Private Equity
Real Estate
and Infrastructure","51-200 employees",https://www.linkedin.com/company/landmark-partners/,"2021-03-20 21:59:00"
370,"Westwood Holdings Group, Inc.","Westwood Holdings Group, Inc.","Investment Management
Trustee Services
Asset Management
and Estate Services","51-200 employees",https://www.linkedin.com/company/westwoodholdingsgroup/,"2021-03-20 22:00:00"
371,"Calamos Investments","Calamos Investments","Equity
Convertibles
Fixed Income
Alternatives
and Long/Short","201-500 employees",https://www.linkedin.com/company/calamos-investments/,"2021-03-20 22:01:00"
372,"EFG Asset Management (EFGAM)","EFG Asset Management (EFGAM)",NULL,"51-200 employees",https://www.linkedin.com/company/efg-asset-management/,"2021-03-20 22:02:00"
373,"Tweedy, Browne Company LLC","Tweedy, Browne Company LLC",NULL,"11-50 employees",https://www.linkedin.com/company/tweedy-browne-company/,"2021-03-20 22:02:00"
374,PAG,PAG,NULL,"201-500 employees",https://www.linkedin.com/company/_pag/,"2021-03-20 22:03:00"
375,"Majedie Asset Management","Majedie Asset Management","Investment Management
UK Equities
Global Equities
and Asset Management","51-200 employees",https://www.linkedin.com/company/majedie-asset-management/,"2021-03-20 22:03:00"
376,"Martin Currie","Martin Currie","Investment Management
Equity Investment
Investment Trusts
and Institutional Investment Management","51-200 employees",https://www.linkedin.com/company/martin-currie/,"2021-03-20 22:04:00"
377,"ValueAct Capital","ValueAct Capital",NULL,"11-50 employees",https://www.linkedin.com/company/valueact-capital/,"2021-03-20 22:04:00"
378,"Savills Investment Management","Savills Investment Management","Real Estate
Investment Management
and Asset Management","201-500 employees",https://www.linkedin.com/company/savills-im/,"2021-03-20 22:05:00"
379,"C WorldWide Asset Management","C WorldWide Asset Management",NULL,"51-200 employees",https://www.linkedin.com/company/c-worldwide-asset-management/,"2021-03-20 22:05:00"
380,"Millennium Global Investments Limited","Millennium Global Investments Limited","Active Currency Overlay
Currency Alpha
Currency Risk Management
Macro Economic Research
Investment Manager
and Hedge Fund Manager","11-50 employees",https://www.linkedin.com/company/millennium-global-investments/,"2021-03-20 22:06:00"
381,"Yacktman Asset Management Co","Yacktman Asset Management Co",NULL,"11-50 employees",https://www.linkedin.com/company/yacktman-asset-management-co/about/,"2021-03-20 22:07:00"
382,"H2O AM LLP","H2O AM LLP","Asset Management
global macro
managed account
and hedge funds","51-200 employees",https://www.linkedin.com/company/h2o-am-llp/,"2021-03-20 22:07:00"
383,"KEPLER-FONDS Kapitalanlagegesellschaft m.b.H.","KEPLER-FONDS Kapitalanlagegesellschaft m.b.H.","Nachhaltige Geldanlagen
Aktien mit weniger Risiko
Misch-Portfolios
and Anleihen mit Zinsaufschlag","51-200 employees",https://www.linkedin.com/company/kepler-fonds-kapitalanlagegesellschaft-m.b.h./,"2021-03-20 22:08:00"
384,"Syz Group","Syz Group","Private Banking
Institutional Asset Management
Services to Independent Asset Managers
and Alternatives","201-500 employees",https://www.linkedin.com/company/syz-group/,"2021-03-20 22:08:00"
385,Bankia,Bankia,"Banca de particulares
Banca de empresas
GestiÃ³n de activos
and Banca privada","10,001+ employees",https://www.linkedin.com/company/bancobankia/,"2021-03-20 22:09:00"
386,"Generation Investment Management","Generation Investment Management","Sustainable Investing","51-200 employees",https://www.linkedin.com/company/generation-investment-management/,"2021-03-20 22:10:00"
387,"Southeastern Asset Management","Southeastern Asset Management",NULL,"51-200 employees",https://www.linkedin.com/company/southeastern-asset-management/,"2021-03-20 22:10:00"
388,"Veritas Asset Management LLP","Veritas Asset Management LLP",NULL,"11-50 employees",https://www.linkedin.com/company/veritas-asset-management/,"2021-03-20 22:11:00"
389,"Glenview Capital","Glenview Capital",NULL,"51-200 employees",https://www.linkedin.com/company/glenview-capital/,"2021-03-20 22:11:00"
390,"TimesSquare Capital Management, LLC","TimesSquare Capital Management, LLC","Asset Management
Growth Equity
and Fundamental Research","51-200 employees",https://www.linkedin.com/company/timessquare-capital-management-llc/,"2021-03-20 22:12:00"
391,"Royce Investment Partners","Royce Investment Partners","Asset Management
Mutual Funds
Small-Caps
Micro-Caps
Mid-Caps
Value Investing
Stocks
Active Management
Long-Term Investing
and Risk Management","51-200 employees",https://www.linkedin.com/company/royceinvest/,"2021-03-20 22:13:00"
392,"TD Asset Management","TD Asset Management",NULL,NULL,https://www.linkedin.com/showcase/tdassetmanagement/,"2021-03-20 22:13:00"
393,Siemens,Siemens,"Electrification
Automation
Digitalization
Innovation
Solutions
Technology
Engineering
Manufacturing
Artificial Intelligence
Internet of Things
Cybersecurity
Infrastructure
and Mobility","10,001+ employees",https://www.linkedin.com/company/siemens/,"2021-03-20 22:14:00"
394,"EnTrust Global","EnTrust Global","Financial Services
Asset Management
Alternatives
and Fund of Hedge Funds","51-200 employees",https://www.linkedin.com/company/entrustglobal/,"2021-03-20 22:15:00"
395,"The GPT Group","The GPT Group",NULL,"201-500 employees",https://www.linkedin.com/company/gpt-group/,"2021-03-20 22:15:00"
396,"Liechtensteinische Landesbank (Ã–sterreich) AG","Liechtensteinische Landesbank (Ã–sterreich) AG","Immobilienveranlagung
Depotbank
Investmentfonds
Finanzierung
DiskretionÃ¤re VermÃ¶gensverwaltung
Beratung
Private Banking
and Family Office Service","201-500 employees",https://www.linkedin.com/company/llb-oesterreich-ag/,"2021-03-20 22:16:00"
397,"SCOR Investment Partners SE","SCOR Investment Partners SE","Convertible Bonds
High Yield
Leveraged Loans
Infrastructure Loans
Real Estate Loans
Insurance-linked Securities
and Financial Subordinated Debt","51-200 employees",https://www.linkedin.com/company/scor-global-investments-se/,"2021-03-20 22:16:00"
398,"PAAMCO Prisma","PAAMCO Prisma",NULL,"51-200 employees",https://www.linkedin.com/company/paamco/,"2021-03-20 22:17:00"
399,Sparinvest,Sparinvest,"Value Equities
Value Bonds
Fixed Income
Strategic Asset Allocation
Responsible Investment
Ethical Investment
Mandates for Pension Funds and Insurance Companies
Intelligent Quant
Segregated Account
Danish Fixed Income
Specialised Investment Fund
and Prope","51-200 employees",https://www.linkedin.com/company/sparinvest/,"2021-03-20 22:18:00"
